{"cameraMode":{"drawMode":0,"name":"Shaded","section":"Shading Mode"},"sceneLighting":false,"audioPlay":false,"sceneViewState":{"m_AlwaysRefresh":false,"showFog":true,"showSkybox":false,"showFlares":true,"showImageEffects":true,"showParticleSystems":true,"showVisualEffectGraphs":true,"m_FxEnabled":true},"in2DMode":false,"pivot":{"x":-0.0617523193359375,"y":20.091299057006837,"z":1.5406990051269532},"rotation":{"x":0.028435764834284784,"y":-0.506894588470459,"z":0.016733627766370775,"w":0.8613778948783875},"size":53.26250457763672,"orthographic":false}